"","2009","2010","2011","2012","2013"
"1",781275.070059549,-10617507.7480532,-17528141.6259411,-30962202.4031851,-36271766.8144447
"2",-3368402.21758984,-10029071.7434109,-16689662.3132797,-29391532.9021803,-33791228.0151233
"3",-3368402.21758984,-8844080.94019491,-17215774.132271,-29064956.3409219,-25954971.1294983
"4",781275.070059549,-9152318.02718952,-20009084.4707807,-34249964.0502611,-32877490.5626979
"5",781275.070059549,-9931551.20271504,-19544388.0453328,-35138086.277843,-31729607.8300655
"6",781275.070059549,-9234969.47167422,-14066672.3875305,-20692069.813525,-24257154.6646017
"7",781275.070059549,-9791859.33931207,-13762895.9040092,-21507657.1734153,-23462142.5619523
"8",781275.070059549,-10741635.218616,-6570966.75825457,-7871848.20354864,-7849605.16487517
"9",-3368402.21758984,-7907720.7532124,-21989584.4581521,-37451213.7570449,-35122291.1606448
"10",-3368402.21758984,-8643707.11881295,-11788704.5400379,-16277710.1587031,-14117846.4769659
"11",781275.070059549,-11097446.4483159,-14137251.5864368,-24248505.7045161,-30001466.8450443
"12",781275.070059549,-9257833.51090523,-19764563.6306782,-33451357.365215,-36049699.2003866
"13",781275.070059549,-10943246.3888831,-9257382.66792856,-13448727.7611772,-17645044.2886977
"14",781275.070059549,-9487474.23638745,-19814058.7878427,-33804899.5662391,-35936440.3453171
"15",4930952.35770893,-11845758.9457305,-14053866.9647704,-25352996.8609223,-23485962.8952256
"16",781275.070059549,-10119756.6655006,-11369132.752959,-17151716.5898374,-16691642.0248484
"17",781275.070059549,-10952706.6185731,-11979435.8816743,-20130010.8161999,-18951245.0584455
"18",781275.070059549,-11356658.857456,-8522729.34349794,-12954378.4781609,-16962650.4143447
"19",781275.070059549,-8554465.8786333,-15333059.605137,-23187726.2502484,-19832956.7153467
"20",-3368402.21758984,-7465746.11322639,-17035246.4515729,-25888923.6064271,-24242041.2012206
"21",781275.070059549,-10084320.2602509,-11788131.4360416,-17478540.5426249,-24363445.1761042
"22",-3368402.21758984,-10187585.7658525,-15347910.8304135,-26734363.0490263,-31886144.8668545
"23",-3368402.21758984,-10167306.6596703,-9949214.42813965,-16116724.5615112,-13793489.9768216
"24",4930952.35770893,-9302333.22408896,-19704124.2204126,-30953162.2395339,-37736454.982337
"25",4930952.35770893,-8535893.7259239,-17028998.7337056,-24467359.6811608,-25882862.5853045
"26",781275.070059549,-11967198.0332009,-10388283.3694752,-18510622.7626474,-18679228.421532
"27",4930952.35770893,-10054280.8138283,-14999565.4949783,-21894677.5541306,-29965172.9737542
"28",4930952.35770893,-9429772.27189314,-18483684.5614825,-29678022.3886424,-30108465.5295557
"29",-3368402.21758984,-7435995.43657286,-19907754.784098,-30944762.782301,-34315876.8075212
"30",4930952.35770893,-8804466.30489268,-17532684.8845095,-25995016.9454264,-28843711.5110582
"31",-3368402.21758984,-8602312.19656594,-19387013.221826,-33850175.202727,-27549486.7854999
"32",781275.070059549,-10110275.0921332,-17675482.4590054,-29389173.1966785,-42430962.4618047
"33",781275.070059549,-12905946.7511121,-8234572.56603628,-16923851.6559745,-9746415.1388875
"34",4930952.35770893,-10412160.3602885,-19456444.5568897,-33909230.0390431,-31847580.5005562
"35",4930952.35770893,-11749356.0797741,-15759703.059876,-28010906.7476015,-29804271.3062335
"36",4930952.35770893,-12722645.4996525,-3701281.89850424,-4411355.15548841,-5696756.13194801
"37",-3368402.21758984,-8287138.76024162,-14538406.7381783,-21313220.3515754,-24893142.0463846
"38",781275.070059549,-11369314.3194852,-13067623.6152297,-23022918.1842172,-25302677.8036679
"39",-3368402.21758984,-7692535.8206867,-20938929.4848081,-34181867.6739481,-35227698.1568959
"40",-3368402.21758984,-10337618.8280019,-14134959.7842629,-24713484.0688466,-25839290.1377184
"41",781275.070059549,-9278079.61165421,-11438793.3560377,-15054759.2288461,-21035400.6514451
"42",-3368402.21758984,-8859266.0967097,-18527351.4973955,-31659162.1313726,-34063858.13919
"43",781275.070059549,-12881700.1626962,-14008777.8671593,-28274198.5312192,-26569994.8513555
"44",781275.070059549,-9921512.55808828,-16358739.6996984,-28088370.8327053,-23775122.306884
"45",781275.070059549,-11298371.7001059,-16404559.5442951,-30429127.3211005,-27841453.4486555
"46",781275.070059549,-10860538.1735925,-9545215.44014147,-14961412.8642849,-11072154.0568661
"47",4930952.35770893,-11624932.544607,-8276779.00321361,-11786252.3346867,-12200581.8196873
"48",781275.070059549,-10547856.1992602,-17117143.5654227,-30371885.621605,-31462574.5204497
"49",4930952.35770893,-9085560.58181487,-10581861.3829478,-11363668.1144154,-13226056.0496501
"50",781275.070059549,-9801740.65314708,-13789789.2182125,-21049668.9167598,-24438886.2885807
"51",781275.070059549,-7758710.88413853,-15943207.2730385,-22819970.5505266,-17226250.9289731
"52",-3368402.21758984,-9814412.47848357,-10919243.179068,-17948588.5737568,-11936363.4111852
"53",4930952.35770893,-8201890.65247089,-20022120.7798827,-29636189.4357051,-37482797.1316627
"54",781275.070059549,-10037442.667867,-15451142.1597775,-25554457.3544717,-27618136.0005977
"55",781275.070059549,-10136062.59204,-18827183.256684,-33636026.9672529,-31028974.9282802
"56",781275.070059549,-10582518.4322855,-11599400.8706169,-18919245.7515193,-18339818.6607812
"57",781275.070059549,-9583749.80432904,-15995379.7363003,-25287337.9953183,-28851348.8584282
"58",-3368402.21758984,-9703806.84838586,-14180308.2588773,-24097099.6571968,-24977976.6162376
"59",781275.070059549,-12435770.0229993,-6810428.94874202,-10704938.3883989,-18195571.6456353
"60",781275.070059549,-11808893.5712961,-10174016.225129,-16657532.6153871,-24229588.0336349
"61",-3368402.21758984,-10214382.7405895,-5756791.61995892,-6500658.69158923,-7020712.92682459
"62",4930952.35770893,-10219916.9514905,-12391348.5799549,-17948022.2405921,-17962048.6701564
"63",781275.070059549,-10463232.3826055,-8799303.32212973,-12347460.2966727,-10131836.1541662
"64",-3368402.21758984,-9912553.15143653,-13062757.4709852,-22053907.1572389,-20937940.4042415
"65",781275.070059549,-10875726.1800712,-14902118.0543193,-25351712.1198812,-30813546.1753074
"66",781275.070059549,-8163001.67712106,-19294484.2452637,-30586863.860734,-30915194.3715459
"67",781275.070059549,-9571928.92624839,-14333450.5950253,-22073693.7700268,-26079221.4699509
"68",781275.070059549,-7281054.59785878,-16686181.7768751,-22656052.8393037,-23165285.9009553
"69",781275.070059549,-10858435.4553439,-17449758.9634797,-31522746.9625816,-33337053.5805421
"70",4930952.35770893,-11006987.1837441,-15731037.3369848,-27054060.2394141,-26048964.318847
"71",781275.070059549,-10547989.6477022,-21028159.5722029,-38573385.2516715,-41521194.4750835
"72",781275.070059549,-11212188.2285734,-14691750.6235735,-26195682.1336241,-34079665.3459586
"73",4930952.35770893,-10822364.8753743,-13434282.4250351,-21071984.5722446,-22956734.185054
"74",4930952.35770893,-11354131.0790598,-7364225.4929379,-9684677.68377327,-6637395.87858321
"75",4930952.35770893,-10829255.7098909,-12020066.9834695,-18370958.8712609,-18477217.2897503
"76",-3368402.21758984,-10603613.7913554,-6187047.15424358,-7233564.20262246,-15580768.0113111
"77",-3368402.21758984,-7316145.82403077,-17789227.9273186,-26361830.8792531,-30388723.5178863
"78",781275.070059549,-7869499.49056386,-15264634.756408,-22003895.9176746,-18584200.5862445
"79",4930952.35770893,-9166769.4031888,-15023259.6654285,-21029546.8172816,-26480469.7626803
"80",781275.070059549,-11622123.5112642,-10324223.2191829,-17519378.6527197,-19888611.4128134
"81",4930952.35770893,-9357727.11343572,-10381065.1127034,-11575901.1457635,-15289887.545655
"82",781275.070059549,-12092865.6017926,-16028469.5254773,-31024953.8679951,-33153130.9750484
"83",-3368402.21758984,-11280078.3851968,-9061733.24103367,-15863669.3633313,-15862064.9443893
"84",4930952.35770893,-9838152.81876051,-20811880.6074028,-35591123.2648451,-33825949.1764506
"85",-3368402.21758984,-9638636.16708103,-16911443.6157373,-30447779.0073472,-27757687.8936138
"86",-3368402.21758984,-8812303.83523745,-13633436.5316743,-21810081.8523076,-15133360.0581556
"87",4930952.35770893,-13113752.4104443,-13557187.8599786,-25435024.6061104,-28191703.5281766
"88",781275.070059549,-10790380.7805503,-16203871.8987109,-29491167.6178644,-26265722.2038956
"89",781275.070059549,-9475756.40968275,-21045510.9710615,-37238746.3484553,-37181099.3267315
"90",-3368402.21758984,-10108598.5495594,-9667282.69083532,-14448507.6205406,-15264281.0147632
"91",781275.070059549,-9612262.75824961,-12199528.6846792,-18459303.948292,-14771758.8212586
"92",781275.070059549,-8497929.02756896,-16724925.4136288,-24746641.3768538,-29552626.2984677
"93",781275.070059549,-11157066.3974034,-13207993.2879096,-22542883.7270528,-27760318.238975
"94",4930952.35770893,-10576303.5554708,-13538824.0525167,-21571488.4732355,-20200261.9571513
"95",781275.070059549,-11659220.4308314,-10735496.8772188,-18180975.6880265,-21630245.464669
"96",781275.070059549,-12159976.9335153,-14950585.5471272,-29617444.6919623,-27302937.1400555
"97",-3368402.21758984,-10311085.4107667,-15136250.9417164,-26915111.9752621,-31797907.1539809
"98",781275.070059549,-7810227.66319513,-20759056.6291031,-32808746.3558363,-37952557.7738543
"99",4930952.35770893,-10171262.8544842,-17334751.1093633,-30078550.0148316,-20165780.71027
"100",-3368402.21758984,-9030826.38026437,-9512211.06760782,-11984946.6360042,-16506758.3441993
"101",4930952.35770893,-11132990.0152524,-16732088.6617571,-29310908.4161613,-27171245.6715556
"102",4930952.35770893,-10148594.031597,-12866012.8507619,-17754365.444423,-24135458.6487015
"103",-3368402.21758984,-10683377.9804389,-7243207.17297453,-10379525.2003594,-13587927.3499084
"104",4930952.35770893,-10186194.9975151,-16204801.5894508,-25907392.0713973,-25931560.5943004
"105",781275.070059549,-12185818.3679797,-7024416.46954499,-10434212.0135481,-19068266.9146655
"106",781275.070059549,-8172141.52941631,-18644595.5638884,-27840869.5424011,-34339788.7048081
"107",-3368402.21758984,-10811316.1866539,-10236274.7600254,-17863925.0366431,-16090057.9822016
"108",-3368402.21758984,-8252212.45071057,-16954394.5228124,-27477615.9464467,-24864886.1301438
"109",-3368402.21758984,-8294722.53444343,-14104908.4375661,-20898326.8265661,-21006901.3506595
"110",4930952.35770893,-9346952.67746073,-9577257.4753407,-10590096.3329144,-5502480.98708652
"111",-3368402.21758984,-11359085.073967,-8543117.67927256,-14736452.1188832,-16562297.7028015
"112",-3368402.21758984,-10594559.9556235,-11871541.0022453,-21024807.5722493,-18899797.8332532
"113",781275.070059549,-10345983.4402755,-12272886.11766,-19042384.9565526,-21852642.0051755
"114",-3368402.21758984,-9273601.83056887,-14696351.8223562,-22445824.5126263,-33047983.8977716
"115",-3368402.21758984,-8488862.63743508,-17960226.1363857,-29004578.7582835,-32791245.7092435
"116",4930952.35770893,-9754689.36761897,-19406427.5418048,-32935792.8486815,-30124217.4024198
"117",-3368402.21758984,-8658051.69491112,-10330863.4767438,-12607274.9183101,-15145600.5279242
"118",781275.070059549,-9374037.47515875,-17880573.6107824,-29749493.2006393,-31909352.5372158
"119",781275.070059549,-9448455.0291334,-17148792.4950984,-28217862.9955438,-24900552.4250861
"120",-3368402.21758984,-11389765.9995364,-12772715.3506597,-24995768.7842615,-17850650.945425
"121",4930952.35770893,-12867901.0880571,-14699837.0828073,-27984010.8041728,-30664855.0604947
"122",-3368402.21758984,-9376178.61540664,-6524679.8207258,-7041730.62012983,-1713113.99532569
"123",-3368402.21758984,-7738015.31676792,-19746167.2846276,-31258111.0627497,-38895042.6743428
"124",-3368402.21758984,-10290126.2375972,-7061536.46559223,-9256117.6982498,-12015792.3845764
"125",4930952.35770893,-10487201.6538245,-10738090.9646727,-14550573.0500022,-16597053.5092656
"126",-3368402.21758984,-8532049.64005439,-9768704.71871123,-12033362.3259187,-11455369.4772816
"127",4930952.35770893,-10572519.1917505,-14607941.935011,-23485819.741919,-25726027.5455427
"128",781275.070059549,-10914752.3523777,-13497546.5461001,-22508657.5765828,-27215818.0821836
"129",-3368402.21758984,-11378179.2025287,-10001121.6375357,-17680811.8752233,-18958234.9279934
"130",781275.070059549,-9538578.87886767,-14055207.1374321,-20339022.4811614,-28401911.1576634
"131",781275.070059549,-10003778.0164269,-13249697.298371,-20856230.9276323,-20462118.0895676
"132",-3368402.21758984,-9310084.4761418,-20174702.8983993,-35997014.6313219,-38229129.7971539
"133",781275.070059549,-9857349.16480464,-14379430.3203272,-22518629.3147653,-27497646.8292539
"134",781275.070059549,-10650796.7875254,-13905479.0588534,-24239931.8017368,-19226270.8761176
"135",-3368402.21758984,-10330411.0623742,-14681030.3105972,-25563187.1909312,-29145669.8742321
"136",781275.070059549,-8771253.51269601,-16393837.1724661,-24851662.4355716,-30394733.0933862
"137",-3368402.21758984,-10382344.6570285,-11508035.6046852,-19052096.8658839,-22689737.2558973
"138",781275.070059549,-10645173.3829047,-12380481.0730241,-19501875.5609949,-25853804.5817437
"139",-3368402.21758984,-10578090.457503,-5100460.39843665,-5042210.21590311,-9460065.76958702
"140",781275.070059549,-10414672.4915541,-11246077.0905603,-16717129.7614504,-19161119.3557304
"141",781275.070059549,-10600313.5984647,-17868427.3980853,-31417540.7617718,-38626438.802085
"142",781275.070059549,-13129780.8662716,-9476909.58488309,-18556376.3237621,-23589273.6942981
"143",-3368402.21758984,-7962342.91868785,-12725683.3800702,-17206936.8517053,-18562959.8796136
"144",-3368402.21758984,-8842441.2962431,-14426922.9463468,-22676608.187525,-20627948.293146
"145",4930952.35770893,-12245371.6560245,-6798255.80289485,-9538380.61222841,-14365854.758821
"146",781275.070059549,-12668098.2708496,-7651645.82306694,-14413337.2969152,-13319124.4954216
"147",781275.070059549,-12334135.4947669,-9898693.72633702,-19073805.3233673,-12977792.730952
"148",781275.070059549,-10171397.0026473,-17354840.1477857,-30059249.6183188,-30736055.0383275
"149",781275.070059549,-11357041.2616287,-13240705.8202863,-23200822.283673,-29124539.3870407
"150",-3368402.21758984,-12155873.2971376,-8720598.58215252,-17095783.4679128,-14221495.9817681
"151",781275.070059549,-10467189.84767,-11995223.6917424,-19075729.4040422,-19823504.0413211
"152",781275.070059549,-9766271.23340078,-20322776.0348274,-34191026.2304884,-45611993.665076
"153",781275.070059549,-9620168.47425608,-12714327.3368034,-18635668.1682765,-19381360.2044965
"154",-3368402.21758984,-9238683.07788649,-19224553.3458534,-34524467.6101049,-31743320.3427325
"155",781275.070059549,-10449408.291027,-12030123.9935471,-18758649.8803452,-21698732.3184201
"156",-3368402.21758984,-11178009.3274001,-18102359.1259103,-35846930.8504957,-35079138.3462947
"157",-3368402.21758984,-8441499.08308343,-16849086.1674059,-27736721.5980449,-22177737.113665
"158",781275.070059549,-9332765.92573756,-17125178.7268137,-27679508.3626714,-33127097.9473241
"159",781275.070059549,-10134843.9276051,-10518668.3007978,-14803789.0762681,-18406736.1312802
"160",-3368402.21758984,-11358808.4321858,-9645498.26868216,-17055002.5705359,-18920274.8275126
"161",781275.070059549,-11210759.1729464,-13916087.8881868,-24357666.4504632,-26407326.2727357
"162",781275.070059549,-9092354.27795898,-17235712.1021585,-27031715.3802202,-30192469.9735107
"163",781275.070059549,-9385361.8848357,-16082239.6117,-26846463.832497,-18832728.6582617
"164",781275.070059549,-8831107.22126887,-20011273.5695494,-32542147.1070416,-40344276.1408525
"165",781275.070059549,-10942670.548997,-12676674.288759,-22448652.8285894,-16845609.8116193
"166",781275.070059549,-9399336.69432962,-14839839.1126764,-23917037.3169265,-18208883.2535543
"167",4930952.35770893,-12667759.8163574,-8332385.78231776,-14230183.6425144,-12885784.012775
"168",4930952.35770893,-10562480.3169145,-21846234.8452856,-39388003.4013325,-37826451.2542986
"169",781275.070059549,-8728652.7871903,-16101312.8248763,-24138795.8280932,-26918897.1714062
"170",4930952.35770893,-10609648.0822466,-12949925.9927305,-20171054.3306511,-18370633.0745357
"171",-3368402.21758984,-10948766.6333596,-10473206.6459134,-17979657.3563159,-20798604.7965758
"172",781275.070059549,-11008554.6516375,-8164747.95089839,-11822537.197366,-11387525.275871
"173",781275.070059549,-9267218.06858624,-10126881.1726908,-12954698.4653461,-10491037.3573484
"174",4930952.35770893,-10343261.0909995,-16267011.5571423,-25895179.4983544,-32993028.0510771
"175",-3368402.21758984,-11189791.6457005,-8333147.54194651,-14258033.5668405,-14053129.0745971
"176",-3368402.21758984,-9236109.00405068,-18145474.1139847,-31385789.744846,-33072852.9760467
"177",-3368402.21758984,-7630826.5363422,-20678369.6223343,-32947547.5564594,-37738403.0010476
"178",4930952.35770893,-12170264.6219479,-15131857.7088294,-27033953.9716644,-32534753.3668474
"179",781275.070059549,-10219180.6559131,-17230244.7645552,-29458109.642607,-32990983.170674
"180",781275.070059549,-10411836.1255627,-18978425.32075,-34380921.6286663,-34993966.3299894
"181",4930952.35770893,-10918871.3252208,-18606469.0043968,-32411557.8509944,-34931142.1157254
"182",781275.070059549,-8448373.19898371,-17613681.9623836,-27844364.5426831,-24386385.9764176
"183",781275.070059549,-9188056.28602935,-16718480.6326719,-26324304.7296907,-28236674.4755564
"184",4930952.35770893,-11742271.5755415,-6485935.25709631,-8539214.42202172,-3510588.71903514
"185",4930952.35770893,-10094336.7056143,-18497285.778562,-31984882.8522952,-26512988.2072502
"186",781275.070059549,-10283770.1104821,-12162370.4203629,-18058320.6962924,-26566892.1124264
"187",781275.070059549,-9544639.25418054,-15065223.1982461,-24404808.1366698,-21684265.0982029
"188",781275.070059549,-10618198.8361354,-10096934.3450444,-15021512.3133045,-17171901.5284459
"189",4930952.35770893,-10938054.5502319,-12269550.2282746,-18599101.3308866,-23371250.1340613
"190",4930952.35770893,-7718121.02660381,-14848584.8275611,-17672541.015651,-25846045.3008503
"191",4930952.35770893,-8112252.94780133,-20655770.768351,-30568020.4361308,-36115645.1508275
"192",781275.070059549,-11287254.6563516,-14139779.3464231,-25130486.2085134,-26095356.6101857
"193",4930952.35770893,-11063491.221366,-14323140.7120279,-24053287.9763445,-23814653.7386321
"194",-3368402.21758984,-8879701.41522479,-11540508.6559085,-16401016.4226152,-16282090.1334359
"195",-3368402.21758984,-10486065.5908111,-12245581.6464388,-20628999.2988539,-24732957.5436761
"196",4930952.35770893,-10100860.6756937,-18592284.5808351,-30922172.0582313,-33055906.4570928
"197",4930952.35770893,-10911049.8421149,-15525842.3467057,-26473047.8921444,-24357436.1816217
"198",781275.070059549,-10699847.9259708,-7855283.79417917,-10054807.3007846,-15101058.3002509
"199",781275.070059549,-9125632.79834406,-20410587.4033952,-34791109.9167271,-37885380.7087519
"200",-3368402.21758984,-10140582.1730972,-16898691.5968062,-30596794.3714409,-31016842.0046333
"201",781275.070059549,-12624755.3094106,-6479815.99698568,-11089783.0447627,-11986945.9207932
"202",781275.070059549,-8814070.67211644,-16303173.7563109,-25695568.3640226,-26080867.2491863
"203",781275.070059549,-8494289.44668525,-24050751.4416303,-41723872.5568089,-39754317.1601783
"204",4930952.35770893,-11726149.4269269,-13014725.9492663,-21451344.3269833,-27848671.0987303
"205",-3368402.21758984,-10587544.6646819,-15766744.558754,-29751920.1620574,-25424318.7725586
"206",4930952.35770893,-11463627.8215528,-13424343.1122091,-22879105.3101394,-22535207.3198157
"207",781275.070059549,-11827100.5426747,-11710722.1125699,-20163049.9672811,-28336672.6244652
"208",781275.070059549,-9776230.65549164,-11699484.5591091,-17417557.8607545,-15257142.9227033
"209",781275.070059549,-13300930.1495523,-13912259.8518521,-28059715.0145462,-33554000.4494303
"210",781275.070059549,-11738142.3760387,-8717308.73809688,-14997303.5426398,-12021654.8004911
"211",781275.070059549,-7424288.95644838,-16520952.8208945,-22721184.5049127,-22312381.17078
"212",781275.070059549,-9743891.31146823,-19180735.6608146,-33550749.0336069,-31070185.9174773
"213",4930952.35770893,-12307640.8454009,-18474687.7232804,-35250990.4622004,-38381089.1756804
"214",781275.070059549,-8666875.46683335,-14981415.9358871,-21381572.259553,-26745123.071578
"215",781275.070059549,-9993183.5335678,-12124222.8691925,-18755323.6726937,-16772748.1546969
"216",4930952.35770893,-8188332.28943205,-21437664.1419329,-34085010.5348254,-30455957.0089271
"217",781275.070059549,-10910993.587351,-16399051.1563168,-28935545.9909974,-33667025.2205741
"218",781275.070059549,-12593301.3280534,-9081199.39349435,-17117585.8028196,-18158044.9405687
"219",-3368402.21758984,-10068145.0166483,-9276125.62045134,-14466966.6489987,-11926020.605967
"220",781275.070059549,-11229045.5123995,-8866627.28248943,-13163211.8291436,-15200992.0844192
"221",4930952.35770893,-10180328.3898845,-12054954.2161738,-16637532.8946281,-20998236.7900157
"222",781275.070059549,-11864724.8500001,-14922570.5787257,-28264194.434084,-29473738.9991007
"223",781275.070059549,-11460446.5702589,-15674085.7100369,-29605457.3323666,-23680922.0345198
"224",-3368402.21758984,-13356855.6600524,-7935179.86088576,-17957889.3118694,-15445507.2586538
"225",781275.070059549,-9089075.91305025,-15963853.9233719,-25287642.6585428,-22525606.5258697
"226",781275.070059549,-7951234.60832144,-19954035.8386126,-31964597.2661177,-27590570.826622
"227",781275.070059549,-9094182.02593103,-16663899.0079867,-25715640.8491291,-32243951.2696288
"228",4930952.35770893,-11093318.4294514,-16377315.2991432,-28038596.4011972,-27963041.6197468
"229",4930952.35770893,-12377832.7177544,-14351860.52159,-26402136.8637578,-25489249.9589437
"230",-3368402.21758984,-8820698.19254723,-10291641.2266826,-13631311.0079034,-12076035.2355813
"231",-3368402.21758984,-8083578.21140062,-23484208.6971828,-39873352.9731062,-47803443.8564813
"232",781275.070059549,-10987075.6869282,-18041628.6077809,-33821068.5365543,-29862874.8108397
"233",781275.070059549,-11143951.9371734,-12920635.648889,-23035471.9213335,-18999182.6840125
"234",781275.070059549,-9967566.00339702,-12756192.4000622,-19928821.0424908,-19981923.9101689
"235",-3368402.21758984,-10908793.993924,-10630754.0758019,-18868519.8637509,-17657645.4721075
"236",4930952.35770893,-10884178.8351201,-12688803.7020498,-20039696.7525623,-21160910.7276481
"237",4930952.35770893,-11275717.9765366,-14003230.5292165,-23284991.91413,-24277844.5674787
"238",4930952.35770893,-8790196.86831598,-13547231.4103521,-18010988.6199855,-14774969.0115821
"239",781275.070059549,-10354037.0803183,-12605682.9748666,-19578923.8759088,-23553764.361631
"240",781275.070059549,-12059285.2301963,-13194988.5005875,-24343713.6837517,-28738236.2611798
"241",781275.070059549,-10853696.6317775,-21137108.2828755,-38600642.2310692,-46965699.2293559
"242",-3368402.21758984,-10111348.3151861,-14084084.2148107,-23950381.5317841,-28007934.894219
"243",781275.070059549,-10673919.3988126,-15998697.6161408,-28695959.2718927,-28097790.2822766
"244",781275.070059549,-10144558.6930859,-11230320.0089493,-16285949.3922395,-22713142.987141
"245",781275.070059549,-9202217.21131926,-18118441.0005809,-29607944.8740462,-29274619.3177338
"246",781275.070059549,-11272933.9617376,-19785556.6680071,-37476713.0478479,-40461625.1015959
"247",781275.070059549,-9506076.22397147,-15752086.4429283,-25089513.2426013,-29901799.5955583
"248",4930952.35770893,-11664168.0040216,-19101662.153123,-34887959.2019659,-36083064.7997847
"249",781275.070059549,-7463015.94349667,-19815395.9107521,-30772230.1773677,-28211449.4727934
"250",781275.070059549,-9499459.31788558,-13282680.0199397,-20387729.9664952,-19048871.1523809
"251",-3368402.21758984,-8357598.37074114,-16542671.6292943,-27542068.2299657,-21306217.7964289
"252",781275.070059549,-10505943.5358852,-16371443.8271869,-27836408.3101184,-33250031.2279182
"253",-3368402.21758984,-7511869.1341097,-15098853.2611143,-22223238.8700078,-17222062.16492
"254",781275.070059549,-10886080.7551399,-8758910.45092512,-12535504.3824655,-16415145.6461335
"255",781275.070059549,-10144628.0914661,-14885623.4974802,-23612996.7673215,-30698143.4833554
"256",-3368402.21758984,-10237394.9945507,-9736936.2734233,-15933354.0270609,-14183490.2623919
"257",781275.070059549,-11875055.4999786,-10079006.7744253,-17685744.9532504,-18657124.1352064
"258",781275.070059549,-10000574.7143569,-14788101.1460137,-24078770.5387842,-26074323.5294521
"259",781275.070059549,-10722852.2251761,-11746390.5850459,-19438718.906224,-16898329.8062045
"260",4930952.35770893,-9425515.12899515,-20027987.4139043,-32722365.4471448,-35618298.4185256
"261",781275.070059549,-11764418.793605,-8254100.27876858,-12739586.8169155,-20767417.42954
"262",781275.070059549,-8522016.18635185,-18072378.4388229,-28752195.0302726,-27179628.9906795
"263",781275.070059549,-9181014.27691432,-18481986.5848024,-31737634.1666063,-21531026.2786227
"264",4930952.35770893,-10372700.151763,-11799328.7745148,-16218958.6171638,-22552214.7256858
"265",-3368402.21758984,-9047265.37038346,-11491022.5053862,-16941263.0912442,-16864401.2973856
"266",781275.070059549,-10420248.1844503,-15295138.5811773,-26104045.1929192,-28430515.6731682
"267",-3368402.21758984,-12063919.8391836,-10465541.437772,-20167941.3203995,-24203851.9649927
"268",781275.070059549,-11565638.6609389,-14479940.2230175,-26310830.2950029,-30431987.2338866
"269",781275.070059549,-11803988.9351312,-6366977.34575059,-8368868.52389948,-14747353.6602903
"270",-3368402.21758984,-11164525.3001124,-11706251.9011984,-21090348.7139456,-25428820.6728084
"271",4930952.35770893,-12298181.7024021,-10815587.7392816,-19292940.2905973,-14561134.5778823
"272",781275.070059549,-10347793.2872582,-20573727.9420011,-37742726.8655499,-35750476.8813047
"273",4930952.35770893,-13075643.2614584,-12341371.3482758,-23659098.7958671,-25201212.5550132
"274",781275.070059549,-10546914.1158515,-14103854.365813,-24341021.1065033,-19954012.7648146
"275",781275.070059549,-10825757.0427235,-5064721.41973767,-4543818.5380176,-4194675.78498873
"276",-3368402.21758984,-9922078.5112184,-15022341.6874035,-25782193.1814604,-28751768.1015653
"277",781275.070059549,-8289734.30177347,-18062192.6806274,-28629896.875066,-25118182.8660605
"278",4930952.35770893,-9559454.38649914,-8426137.31144838,-7984172.91923635,-9326327.85378514
"279",781275.070059549,-10086213.672842,-8560248.08557023,-11282806.5013032,-10250124.3645352
"280",781275.070059549,-9707537.80273393,-13497886.429874,-19626388.7792785,-26559670.8592035
"281",781275.070059549,-11730725.8440105,-12431445.9919114,-23486088.4414955,-18501672.5056554
"282",4930952.35770893,-11708228.5195272,-13298604.4070713,-23127787.4171284,-19639744.5033731
"283",-3368402.21758984,-11075484.6511572,-12889759.9617931,-23716805.9957689,-26501278.7400215
"284",781275.070059549,-8440030.93468429,-19635175.9980561,-33462267.7887893,-22622750.5719452
"285",781275.070059549,-11949947.2964874,-11383791.8752122,-20418100.1499627,-23535021.6175699
"286",4930952.35770893,-9104127.10362018,-15890387.4408015,-23181496.8825646,-24501743.6095037
"287",4930952.35770893,-7745228.47872015,-18783755.8316971,-27106602.5953101,-28769150.6703218
"288",4930952.35770893,-13078526.4074171,-13382459.5004833,-24822704.1154059,-30932390.9814749
"289",-3368402.21758984,-12219484.8704234,-12073545.0138129,-24810252.6123872,-25035618.3776072
"290",-3368402.21758984,-9066265.85644337,-19513592.7682384,-33560510.0464861,-39066699.9868732
"291",-3368402.21758984,-8587846.47137767,-13536971.5046571,-19549546.6552757,-24621968.993561
"292",-3368402.21758984,-9980266.11000316,-9671646.99940588,-14831381.6268107,-14357154.4829628
"293",-3368402.21758984,-7128820.14099465,-16149536.8781937,-23256443.5766039,-23539210.2981448
"294",781275.070059549,-8995215.53221862,-10696080.2286976,-12931914.899152,-14781127.3892624
"295",-3368402.21758984,-8358582.98445119,-15872941.5758822,-24208058.6622284,-30929987.5182018
"296",781275.070059549,-12433981.8969607,-13398562.7065431,-25888827.1479583,-25290743.2009569
"297",-3368402.21758984,-13280058.6530831,-5057799.27552546,-10492140.8621801,-16826063.4830324
"298",781275.070059549,-10580470.9638945,-12714796.8929014,-21533788.9014089,-14748583.2806174
"299",781275.070059549,-12274025.8385701,-12206824.4547617,-24033511.3725672,-18474646.477232
"300",781275.070059549,-10578931.0031851,-17631343.7171692,-32245802.9890724,-28930383.4432529
"301",4930952.35770893,-11793464.8720004,-12516071.753468,-20686480.7231846,-23444119.0897896
"302",4930952.35770893,-12441848.4211554,-9838216.5319555,-16587914.0506824,-17237409.017819
"303",-3368402.21758984,-9843869.79909654,-16440431.7544118,-29166096.4699738,-27266288.8165445
"304",4930952.35770893,-10221742.6954693,-16781595.3649957,-27680268.274111,-27145208.7666513
"305",4930952.35770893,-12192099.9028828,-16987129.9777372,-31515743.0160236,-35515640.9171381
"306",4930952.35770893,-8157594.31562218,-18728445.927056,-27647091.8430509,-28650148.7314168
"307",781275.070059549,-11294645.7716974,-14393428.4441411,-26477037.0697087,-27443008.7764426
"308",781275.070059549,-11069568.4993327,-11031688.2103083,-18900760.613874,-16092994.0754079
"309",4930952.35770893,-12593318.6105574,-12423704.9717959,-21964356.0014185,-27529017.0863412
"310",4930952.35770893,-8146353.921794,-16227502.2428941,-21981224.2809921,-26667964.4311084
"311",781275.070059549,-10886190.3626334,-13390990.7444275,-22282949.2394326,-25001526.9732395
"312",-3368402.21758984,-10569426.6096109,-12067953.1192369,-20101901.7804409,-25697103.5705419
"313",-3368402.21758984,-9760073.48235532,-13802766.2546663,-22500686.2699019,-28271787.0630901
"314",781275.070059549,-10023032.2121885,-12619547.4456788,-19325849.829396,-22315149.8293163
"315",4930952.35770893,-8961296.82347946,-19659508.3743384,-30924296.3454061,-33770927.6813801
"316",781275.070059549,-10418972.7618784,-14554068.9775678,-24773331.4231176,-21698445.1216919
"317",-3368402.21758984,-9694443.98105375,-14824715.5977901,-24451823.3799204,-31214874.6800492
"318",4930952.35770893,-8721814.41930837,-10824467.2940758,-11386919.9874365,-12741175.4669445
"319",4930952.35770893,-11883476.5469194,-11108942.3154755,-18883838.637939,-16108173.866851
"320",-3368402.21758984,-10174946.1712866,-6857586.00597245,-9211518.57518605,-6814444.51353279
"321",-3368402.21758984,-9694551.2557223,-14135773.4830379,-24021317.7764606,-25388549.5314188
"322",781275.070059549,-10076110.5258345,-12829344.9209791,-20322590.1488043,-20031222.3612142
"323",-3368402.21758984,-9055738.35721668,-16863528.0347221,-28891295.6938839,-28182299.9589927
"324",4930952.35770893,-10753368.6977685,-13603288.7249876,-21731659.3364045,-22979343.2761313
"325",4930952.35770893,-9635057.21406987,-16968175.1470152,-26502559.6118312,-27136836.1877917
"326",781275.070059549,-10088566.0648667,-12935822.5955325,-20267336.5774583,-22896106.6265771
"327",781275.070059549,-12490684.6562314,-6199974.82902846,-10643776.9169981,-11056950.5103921
"328",781275.070059549,-9225242.35248665,-17403017.3182254,-28360425.038117,-28351534.5630109
"329",-3368402.21758984,-8836917.09820396,-19159070.7105362,-32727892.5882024,-36744949.5123899
"330",4930952.35770893,-11710345.8811064,-11405898.5568447,-19333469.0116415,-15886240.9224727
"331",4930952.35770893,-8715930.04846466,-16354156.8490645,-23647249.1237827,-26435969.1857335
"332",781275.070059549,-11093185.3917099,-16309270.1084351,-30217482.9023654,-24638504.2147089
"333",-3368402.21758984,-10559611.6929167,-13822084.9600185,-24097346.1370405,-29089564.5413078
"334",4930952.35770893,-12790682.0794768,-8530365.63309816,-14593428.0212746,-18327816.5095298
"335",781275.070059549,-8481797.19754427,-17390768.2700339,-27117352.9063573,-26918296.8992878
"336",781275.070059549,-8591644.24471806,-16655875.3497532,-26404116.9383485,-20302697.2160903
"337",781275.070059549,-11557049.1652808,-10136761.0063842,-17696771.7210836,-15682569.9537022
"338",781275.070059549,-11643376.3225331,-13672095.1340527,-25072593.5685025,-23859294.260701
"339",781275.070059549,-12083937.0052389,-14229899.5279793,-27482343.6356443,-25467633.7443968
"340",4930952.35770893,-7582787.9508374,-19023625.6676778,-27573966.643187,-22869881.0593706
"341",781275.070059549,-10085629.2783789,-13068429.01454,-20841058.258235,-17271206.6527219
"342",-3368402.21758984,-10019877.9381729,-12975400.2211724,-22450329.0237875,-17041100.8974787
"343",-3368402.21758984,-10308566.8883387,-14543827.1885814,-24583552.6466929,-31993874.1340756
"344",-3368402.21758984,-8593664.55430203,-16850256.409304,-27455890.5480619,-28358500.9712843
"345",781275.070059549,-11889733.1359306,-8906873.39447161,-15061952.4650799,-17215479.0168701
"346",4930952.35770893,-9612973.08849595,-12845617.2648572,-16882168.3196981,-21765877.8805329
"347",-3368402.21758984,-7530191.41809669,-16862394.5124499,-24741506.6243023,-29818090.8164506
"348",-3368402.21758984,-9512408.17125662,-16211299.9843043,-27286855.7530395,-32729965.1993157
"349",-3368402.21758984,-9098255.58094382,-18756943.3105619,-32792126.6933988,-31843948.072361
"350",781275.070059549,-9376803.01486155,-16869150.6420325,-27121909.2300172,-28784701.6052209
"351",781275.070059549,-10829357.1090163,-15573248.5422149,-27137308.7347994,-28902407.6794297
"352",-3368402.21758984,-7752811.65280566,-14680421.4517191,-21115185.4016183,-20686832.2476539
"353",-3368402.21758984,-8819789.20173591,-12864076.3408661,-18750278.151756,-22897978.1919779
"354",781275.070059549,-9217341.01228008,-22344213.3069165,-39110662.2155631,-38905972.2841811
"355",781275.070059549,-10619123.0734608,-11002056.0180895,-16998651.1147775,-20403671.3767451
"356",781275.070059549,-10436772.7213563,-12555597.8880156,-19915023.5664385,-21183365.3205183
"357",-3368402.21758984,-12521459.6614651,-8708671.40937809,-17012012.9229086,-21399850.3014099
"358",781275.070059549,-10351987.4595317,-14380582.0452164,-24222303.759165,-27426506.2874056
"359",4930952.35770893,-9856009.92026141,-14530016.6690745,-22440708.6712038,-17841982.0065405
"360",781275.070059549,-11734342.3709762,-14390391.4482687,-26989145.5508885,-24925845.5135318
"361",-3368402.21758984,-10071212.6991596,-13327491.0667037,-21974408.6337426,-25637320.7799094
"362",781275.070059549,-10077117.9947346,-11402650.5169596,-17172858.175221,-16838793.893344
"363",-3368402.21758984,-9063168.97471899,-12945939.0161076,-20654085.9765912,-14761490.3626963
"364",781275.070059549,-11928262.9728477,-17945441.051757,-34066721.5347351,-39803624.4820306
"365",781275.070059549,-9290020.59718307,-17521537.9857648,-28958828.990649,-28583705.364417
"366",-3368402.21758984,-10296835.9467667,-16890206.6332022,-30360664.5143281,-34926321.0189402
"367",781275.070059549,-11724579.7681363,-13088659.6653269,-24064516.0871228,-24590403.495703
"368",-3368402.21758984,-10466238.0888758,-14668595.0851506,-26472291.3406802,-27232484.7121351
"369",781275.070059549,-8544348.07322646,-17915541.1490272,-28558955.3532614,-26918975.6812922
"370",-3368402.21758984,-7923423.29159945,-12516233.3361086,-16359922.3986483,-19921351.7118939
"371",-3368402.21758984,-10275966.669894,-15952252.6568694,-28401819.0357597,-33315835.1378703
"372",781275.070059549,-8614262.81416462,-20747048.5682054,-34517524.6976222,-34019080.2032732
"373",4930952.35770893,-10061924.1316519,-19616098.8992184,-34965144.943342,-26174154.9829183
"374",781275.070059549,-9621255.91170464,-13647397.538258,-21356273.3433655,-19019527.7831958
"375",-3368402.21758984,-9207991.18673806,-16823986.6653958,-29486854.539052,-25509340.0992497
"376",-3368402.21758984,-9912159.51480379,-15986938.0701356,-27486043.6707927,-32423689.8408033
"377",781275.070059549,-10910537.3750641,-12858582.0703567,-21547857.3098568,-26551576.0600531
"378",781275.070059549,-10102688.4571301,-12763449.3321043,-19778755.4955778,-22425455.1078862
"379",-3368402.21758984,-8296614.85406323,-23452511.8078422,-41163495.1120741,-43267679.9693514
"380",-3368402.21758984,-9544466.74705023,-13314331.4215732,-21753964.6550922,-22974842.8421297
"381",-3368402.21758984,-10597707.338256,-7359716.55922656,-9264928.09480913,-23103520.3992897
"382",-3368402.21758984,-7489220.38987376,-13518217.4361565,-17938044.8417478,-17590495.2282826
"383",781275.070059549,-9335078.4376008,-18962606.9214492,-31905578.4859026,-31080214.6527479
"384",781275.070059549,-9346357.82851741,-9041112.51747283,-11069746.1510903,-8159405.39108361
"385",4930952.35770893,-11193885.2548487,-15279186.7277105,-26373292.1720538,-25047714.7704958
"386",-3368402.21758984,-11247495.0061107,-11859904.0745521,-22256267.1423114,-19440264.8340102
"387",4930952.35770893,-12273961.4902223,-10653146.2018967,-18141085.287065,-19726283.7244965
"388",781275.070059549,-8113015.99561967,-21033694.1381434,-33368670.1560572,-36617081.6051159
"389",781275.070059549,-11060818.7319574,-11241895.0570678,-19361166.9606898,-15800985.7693025
"390",4930952.35770893,-9342177.70771917,-18196881.2374753,-27934545.9402704,-32392659.7449599
"391",781275.070059549,-11284919.1907839,-18050105.0559979,-33193545.9837039,-39232504.2274537
"392",781275.070059549,-11178156.6422927,-11466005.6223939,-19413351.0846596,-19482253.3290384
"393",4930952.35770893,-10297312.6237582,-16185304.4001331,-26033006.1110253,-29896850.0673059
"394",781275.070059549,-8918682.35582852,-12443859.4180422,-16951369.8161457,-16576224.5648373
"395",781275.070059549,-9748930.27830652,-17410005.4727541,-30042507.0530434,-24171127.3643286
"396",781275.070059549,-8893703.84821338,-10833566.4818547,-13190776.0372647,-12933199.205736
"397",4930952.35770893,-9228884.29836994,-11825247.2161762,-14874411.2139738,-11522607.2505986
"398",781275.070059549,-9645926.30382028,-17502617.4930528,-29962615.0367236,-25835550.058516
"399",781275.070059549,-10470603.4470237,-18313805.6330258,-31869919.0589554,-34667159.0164063
"400",4930952.35770893,-9633827.01674617,-18486352.345009,-30625471.1545037,-24926319.9154666
"401",-3368402.21758984,-9251175.32346629,-13080001.0278652,-20572651.7878009,-23915728.5889788
"402",-3368402.21758984,-9700063.285444,-18730603.9697862,-33061264.248097,-39287427.3583725
"403",781275.070059549,-8889124.39968341,-12078045.5023623,-16220705.805282,-17197676.6891653
"404",781275.070059549,-9480733.55515703,-8487145.41319606,-9271445.94650719,-8401135.39415197
"405",4930952.35770893,-13641206.8066386,-5665766.66554395,-10203374.430934,-11982707.9144407
"406",781275.070059549,-9788871.38233718,-10854184.5615697,-14920243.2137683,-17682685.883598
"407",-3368402.21758984,-10087195.320534,-13390905.3713516,-23011865.8492475,-21753425.3240853
"408",4930952.35770893,-10177761.8990979,-15331274.8270649,-24437592.452954,-23928223.7389602
"409",781275.070059549,-10464745.3590167,-15802160.7788174,-27381405.9936312,-31941441.421402
"410",781275.070059549,-9150781.28757334,-24315391.3534535,-42216016.2013337,-48866738.9304513
"411",781275.070059549,-10660399.5084924,-9683946.75999954,-15367850.5294003,-12375771.993785
"412",781275.070059549,-10375013.2223274,-15107685.8722282,-25963080.0539011,-25592327.5582919
"413",781275.070059549,-11311855.8670344,-7335808.94353313,-11872824.8396717,-4685598.44309188
"414",781275.070059549,-9097282.53925719,-12745220.5429461,-17728198.7266538,-20738513.5563432
"415",-3368402.21758984,-8100879.10237359,-22555409.1266194,-39066857.1452746,-37954561.1661939
"416",-3368402.21758984,-12629166.5591759,-7273137.49385712,-15855393.2560254,-7832220.12053584
"417",781275.070059549,-7997180.08298683,-15077304.8168077,-20718066.4119008,-23271279.6772645
"418",781275.070059549,-10701489.9355616,-11311895.5504112,-17878311.266967,-19673794.6613001
"419",4930952.35770893,-10686320.2874707,-11986341.6604542,-17941699.1406722,-19279386.2826073
"420",4930952.35770893,-10304280.6483189,-15006560.5859513,-23075642.6642293,-31042838.2142447
"421",781275.070059549,-11155025.1279688,-18223040.2448183,-34233521.0137598,-34499299.5153032
"422",781275.070059549,-9789766.23815304,-17075130.8894681,-28144630.3644189,-32397874.580818
"423",-3368402.21758984,-9551951.40416818,-11652008.6029796,-18290923.4371935,-17845805.4025468
"424",-3368402.21758984,-10231907.8906344,-10694566.3323458,-18408229.1139572,-12360867.572145
"425",4930952.35770893,-12117515.2430829,-11381948.8688438,-20323944.1517276,-16438355.7511158
"426",4930952.35770893,-9765765.11569829,-18908940.1251884,-30544594.1303495,-35354022.715242
"427",781275.070059549,-11956309.5469085,-11793969.0686296,-20938405.4317831,-24165622.2519375
"428",-3368402.21758984,-10590744.8903656,-13384835.5873419,-24101958.6857294,-22152723.2898616
"429",4930952.35770893,-12731011.709976,-5096372.74344747,-7385443.24362501,-5366272.83067438
"430",781275.070059549,-9324307.68719587,-12744342.3134434,-17862688.0995773,-23300428.5734842
"431",4930952.35770893,-11387395.5643326,-14605222.7395519,-25236802.4811452,-24339928.1032594
"432",781275.070059549,-7548088.24688201,-25555455.8323243,-42712251.4047288,-44122435.5333063
"433",-3368402.21758984,-10919643.8448987,-10033943.5855909,-17193328.4942003,-16968905.0627316
"434",-3368402.21758984,-8623954.11380994,-14300290.9016709,-21158023.4910183,-26421939.2221387
"435",4930952.35770893,-9300533.97805967,-18263747.7680009,-29028300.3364766,-29085448.4593252
"436",781275.070059549,-11076664.6397379,-13140837.7328586,-22397711.0430476,-25680582.6823543
"437",781275.070059549,-11161883.1679223,-14770401.2829117,-25754285.3824646,-30943314.0410077
"438",781275.070059549,-10942928.6895661,-12772709.9056433,-21115673.2454855,-27459097.8049479
"439",4930952.35770893,-6069965.29460509,-25192231.8890351,-38026239.8107976,-34386859.7220173
"440",781275.070059549,-10686927.0102762,-11646561.4843049,-18619841.6962389,-22644569.3243262
"441",4930952.35770893,-10727049.0828556,-7910072.35113741,-9264846.3364603,-8330889.79240366
"442",781275.070059549,-10772188.0520572,-14106787.1095307,-23585528.7000604,-30287755.7965345
"443",781275.070059549,-11940188.7656382,-9550216.67040105,-15985884.3453077,-19878397.2793516
"444",781275.070059549,-11225749.0889326,-13470692.286476,-23358535.483353,-25809487.282492
"445",781275.070059549,-9772539.57352915,-18719140.2604005,-31511571.1017617,-35931960.6888362
"446",781275.070059549,-9438038.13886506,-20474361.2673652,-35211241.6023057,-36038732.5529836
"447",781275.070059549,-10695811.1262177,-17335649.3542519,-31248212.0375116,-32011698.029476
"448",781275.070059549,-10226444.5430886,-13200969.4831184,-20651533.2506862,-24534970.3187827
"449",781275.070059549,-10388250.9567621,-13742425.9470766,-23129173.1176724,-21792797.4677194
"450",781275.070059549,-10653651.3349133,-15140034.8473468,-25881182.2319494,-29075321.8538955
"451",4930952.35770893,-10730468.2320555,-17174196.5424804,-29204402.4821499,-33107183.4268432
"452",781275.070059549,-13535220.1215619,-5832408.4961526,-11627014.2587214,-14986176.4414695
"453",4930952.35770893,-10666929.1641963,-11127278.6470505,-15926125.2911561,-15739635.6521587
"454",781275.070059549,-10148807.2416889,-10331572.0937556,-14536400.2804125,-15540116.2048669
"455",781275.070059549,-10423664.0038528,-13503154.7682017,-23216901.3817114,-17070706.227788
"456",781275.070059549,-10572822.6493468,-9283185.9836184,-14447276.2151895,-6056961.13479283
"457",-3368402.21758984,-10724258.8847449,-19342928.655642,-36986683.366112,-37975291.2911304
"458",781275.070059549,-10630016.0516025,-11373572.0466243,-17986419.8468304,-19958600.1128081
"459",4930952.35770893,-12072741.4914173,-12166053.2958333,-21056740.4069786,-22375924.4039829
"460",781275.070059549,-10205672.5188559,-12723104.8508113,-19446691.7639467,-24739613.1777121
"461",781275.070059549,-11283655.0960993,-12079502.0465391,-20541182.5403251,-24816222.4922072
"462",781275.070059549,-11827210.3392851,-10405937.9803251,-18838574.6293356,-15701445.948124
"463",4930952.35770893,-11074680.2603909,-13939561.9079471,-22716722.0397303,-24469607.204258
"464",-3368402.21758984,-12225313.954995,-7517678.55053698,-14480576.7555625,-11446972.6570234
"465",-3368402.21758984,-12333170.4876471,-10177991.8736282,-21198333.9817509,-14660423.4201726
"466",781275.070059549,-10604179.6459,-17365040.7838144,-31634479.9241927,-29121313.5737682
"467",781275.070059549,-7785181.39124218,-17046417.7291682,-24300827.7538242,-27934004.0673493
"468",781275.070059549,-10034461.1357431,-17643062.3231655,-30312974.471757,-30248113.2707557
"469",781275.070059549,-10411957.5894373,-18344497.5415123,-33851779.1362457,-30063291.6616083
"470",-3368402.21758984,-10067795.7091061,-16851524.3748719,-29962544.4205826,-31425003.3337368
"471",4930952.35770893,-11758287.0564159,-11035918.2812528,-17006248.1756557,-23109683.1527707
"472",-3368402.21758984,-10853420.5665481,-10263349.050746,-17463700.2275682,-15808627.5768858
"473",781275.070059549,-10388106.6724545,-15571368.7978384,-25985363.0222004,-29708301.6514779
"474",-3368402.21758984,-9496986.07721434,-11789657.6480503,-18332947.4620911,-16530854.2829672
"475",781275.070059549,-9424145.21717416,-13231266.5286514,-19832985.534314,-16910695.6135102
"476",-3368402.21758984,-10517368.5735119,-13600991.4649173,-23457744.71171,-30142288.6836877
"477",4930952.35770893,-9656882.92766347,-14516013.8727438,-22182507.4684058,-16421612.8362024
"478",-3368402.21758984,-11361223.2016842,-9492100.37970675,-16472382.1993546,-20527665.0845469
"479",4930952.35770893,-10130982.5251501,-22840354.291558,-39828845.3568206,-44826346.9376156
"480",781275.070059549,-8979253.91153209,-19935359.0520317,-32168919.6988673,-37929434.9461557
"481",781275.070059549,-8611708.11869815,-12027716.9423068,-15830042.301518,-16527334.0114083
"482",781275.070059549,-10982295.9596844,-10886968.7817085,-17828664.8849265,-19154432.9319018
"483",781275.070059549,-10405235.2984403,-11579967.029328,-18254110.7690729,-18258684.8216369
"484",-3368402.21758984,-8692669.53835833,-16754327.1988435,-27526532.5586689,-27352182.4160586
"485",781275.070059549,-10169147.2636603,-16627875.752692,-28302707.4073709,-30125200.8762687
"486",781275.070059549,-9342727.57644503,-15733671.5294081,-24899566.2437528,-24473265.3385854
"487",781275.070059549,-13280226.6442885,-8160516.79401861,-15120374.4858564,-30155921.6967644
"488",4930952.35770893,-10262458.2263062,-14963513.7996354,-24050743.4009673,-20505655.2337894
"489",4930952.35770893,-10708409.5619288,-14688541.3456285,-23744715.4434336,-26009762.4543349
"490",4930952.35770893,-12005981.7241781,-12686168.7556223,-22602574.5718374,-21514906.3176587
"491",781275.070059549,-11018647.5669468,-14672962.0522064,-26508526.7297284,-25111065.4648048
"492",-3368402.21758984,-9126685.81793502,-14016091.4936592,-21956834.6408328,-27105135.062337
"493",781275.070059549,-8565744.21444034,-14812469.0064278,-20774195.7595399,-24563213.6626309
"494",781275.070059549,-10856006.2147171,-14080159.0556781,-22724692.8004759,-33829933.0772838
"495",4930952.35770893,-9145706.25486314,-19712871.5225507,-31206813.6736677,-36849685.1850061
"496",781275.070059549,-10827873.5748444,-13630979.0375071,-22590895.0344537,-26273623.5508447
"497",4930952.35770893,-11716895.2944823,-5874337.9528574,-6854973.27315289,-6947888.10077468
"498",781275.070059549,-12240889.8698584,-11522428.9257331,-19799334.2142642,-28867397.8975363
"499",781275.070059549,-10300781.4333042,-8909295.0135726,-11837211.0932738,-13604893.7244189
"500",4930952.35770893,-11211267.7439739,-10570072.8108998,-16875640.2593388,-8801713.89367812
